User Input,Chatbot Response,Timestamp
recommend me a movie,"The famous bench scene in 'Forrest Gump' was filmed in Savannah, Georgia.",2024-12-10 19:10:15
recommend me a recent movie,"The famous bench scene in 'Forrest Gump' was filmed in Savannah, Georgia.",2024-12-10 19:10:22
recommend me a comedy movie,I suggest 'Groundhog Day'.,2024-12-10 19:10:38
recommend me a horror movie,How about 'A Nightmare on Elm Street'?,2024-12-10 19:10:45
recommend a horror movie,I recommend 'The Exorcist'.,2024-12-10 19:10:51
horror movie,I suggest 'Hereditary'.,2024-12-10 19:10:55
somedy movie,"Sure, what type of movie are you interested in?",2024-12-10 19:11:01
comedy movie,I recommend 'Superbad'.,2024-12-10 19:11:05
What can you do,I can suggest movies based on your preferences.,2024-12-10 19:11:14
help,"Sure, what do you need help with?",2024-12-10 19:11:20
Recommend a recent movie,I recommend 'Dune: Part Two'.,2024-12-10 19:12:26
Hi,Nothing much,2024-12-10 19:24:49
help,"Sure, what do you need help with?",2024-12-10 19:24:53
can you recommend me a movie,"Tell me your preferred genre, language, or country for movie recommendations.",2024-12-10 19:25:09
horror,I suggest 'Hereditary'.,2024-12-10 19:25:16
recommend me a comedy movie,You might enjoy 'The Grand Budapest Hotel'.,2024-12-10 19:25:27
recommend a hindi movie,I suggest 'Piku'.,2024-12-10 19:25:37
recommend a japanese movie,I suggest 'Seven Samurai' ('Shichinin no Samurai').,2024-12-10 19:26:11
recommend a french movie,You might enjoy 'La Haine'.,2024-12-10 19:26:27
